{"E": {"E": -3.14e+100, "S": -0.5254905979547287, "B": -0.8946887921867395, "M": -3.14e+100}, "S": {"E": -3.14e+100, "S": -0.8155093588242163, "B": -0.5841383885076225, "M": -3.14e+100}, "B": {"E": -0.09244504523944473, "S": -3.14e+100, "B": -3.14e+100, "M": -2.4270073775768632}, "M": {"E": -0.2867823872808832, "S": -3.14e+100, "B": -3.14e+100, "M": -1.3889982834522914}}